Product,Total_Units_Sold,Avg_Cost_per_Unit,Total_Cost,Total_Revenue,Total_Profit
Club-Mate,4465780,0.89724,4008362.55,6040305.52,2031942.78
Coca-Cola,13957086,0.60311,8414341.83,14058522.9,5644181.12
Pepsi,13815461,0.59841,8272816.13,13857775.25,5584958.91
